File,SNR (dB),SNR Error (dB),Average Power Ratio (Noise/Signal)
Dataset_4.CSV,21.717050214927546,0.030709257318568765,0.006734339061218345
Dataset_1.CSV,30.515618576591315,0.030709257318568765,0.0008880514798973101
Dataset_3.CSV,26.607442170972586,0.030709257318568765,0.0021840158352394268
Dataset_2.CSV,26.917686077181592,0.030709257318568765,0.002033440140123021
